Prague;;;Vaclav Havel;Václav Havel, dramatik, signatář a mluvčí Charty ´77, bývalý prezident ČR. V lednu 1977 byl spolu s jinými zadržen a obviněn z kontaktů s nepřátelskými zahraničními silami a emigrantskými centry, kterým měl předávat materiály poškozující Československo. Z vazby byl v květnu propuštěn a v říjnu odsouzen ke 14 měsícům podmíněně na 3 roky za „pokus o poškozování zájmů republiky v zahraničí“.;http://www.amnesty.org/en/news/vaclav-havel-s-human-rights-legacy-inspiration-2011-12-21;4 Jan 1977;http://2.bp.blogspot.com/-KmlAcxuhsNE/T371XrUzDYI/AAAAAAAAAd4/4Afn2fnNNcY/s1600/vaclav_havel1.jpg
Colombia;4.570868;-74.29733299999998;Women rights defenders' lives in danger;On 7 May 2012, shots were fired into the office of a women's rights organization in Bogota, Colombia. This follows a series of attacks and intimidation against ...;http://www.amnesty.org/en/library/info/AMR23/020/2012/en;11 May 2012;
Honduras;15.199999;-86.24190499999997;Human rights defenders threatened;Four members of a prominent human rights organization in Honduras have recently been attacked, threatened and harassed. Their lives are in danger.;http://www.amnesty.org/en/library/info/AMR37/007/2012/en;30 Apr 2012;
Romania;45.943161;24.966760000000022;Stop forced eviction of Roma in Baia Mare;Around two thousand Roma are facing imminent forced eviction in Baia Mare, north-western Romania. Seventy families are reported to have agreed to being relocated ...;http://www.amnesty.org/en/library/info/EUR39/005/2012/en;25 Apr 2012;
Azerbaijan;40.143105;47.57692700000007;Police and State Oil staff beat up journalists;Two journalists trying to film illegal house demolitions in Azerbaijan on 18 April were beaten up by and police, and had to be hospitalized.;http://www.amnesty.org/en/library/info/EUR55/007/2012/en;19 Apr 2012;
Mexico;23.634501;-102.55278399999997;Indigenous people attacked, threatened;Community leader and human rights defender Bernardo Vásquez Sánchez was shot dead on 14 March. His brother and cousin, also members of the community organization ...;http://www.amnesty.org/en/library/info/AMR41/020/2012/en;20 Mar 2012;http://www.dominionpaper.ca/files/dominion-img/DSC07720.preview.JPG
Nigeria;9.081999;8.675277000000051;Hundreds at risk of forced eviction;Hundreds of people are facing forced eviction from their homes in Port Harcourt after the Governor of Rivers State told their community their homes would be demolished ...;http://www.amnesty.org/en/library/info/AFR44/006/2012/en;9 Feb 2012;
Chad;15.454166;18.732207000000017;Families evicted despite promises from mayor;Over 670 people have been forcibly evicted and their homes destroyed in N'Djamena, the capital of Chad, to enable the construction of a hotel to take place. This ...;http://www.amnesty.org/en/library/info/AFR20/004/2012/en;1 Feb 2012;
Maldives;3.202778;73.22068000000002;Campaigner for religious tolerance arrested;An activist who organised a peaceful protest in Malé, Maldives, calling for religious tolerance has been arrested following a call from an Islamic party.;http://www.amnesty.org/en/library/info/ASA29/002/2011/en;22 Dec 2011;
Mexico;23.634501;-102.55278399999997;Further information;Norma Esther Andrade was discharged from hospital on 6 December 2011, even though she had not recovered, because staff treating her received threats. A banner containing ...;http://www.amnesty.org/en/library/info/AMR41/082/2011/en;9 Dec 2011;
Argentina;-38.416097;-63.616671999999994;Further information;The son and grandson of Félix Díaz, the leader of the Toba Qom indigenous community of La Primavera, Argentina, were attacked by men with guns on 8 November 2011 ...;http://www.amnesty.org/en/library/info/AMR13/005/2011/en;11 Nov 2011;
Colombia;4.570868;-74.29733299999998;Man who saw brother's murder threatened;Gersaín Rodríguez witnessed his brother's murder by Colombian paramilitaries in January. His son and his nephew have been forcibly disappeared within the last decade ...;http://www.amnesty.org/en/library/info/AMR23/031/2011/en;8 Nov 2011;http://2.bp.blogspot.com/-KmlAcxuhsNE/T371XrUzDYI/AAAAAAAAAd4/4Afn2fnNNcY/s1600/vaclav_havel1.jpg
Romania;45.943161;24.966760000000022;Roma at risk of forced eviction in Romania;Hundreds of people, mainly of Roma origin, are facing forced eviction in the next week by local authorities in Baia Mare, north-western Romania. If inhabitants ...;http://www.amnesty.org/en/library/info/EUR39/007/2011/en;26 Aug 2011;
Angola;-11.202692;17.873886999999968;Hundreds of families facing forced eviction;The authorities in the southern city of Lubango are planning to forcibly evict hundreds of families from their homes on 25 August. The families would be left destitute ...;http://www.amnesty.org/en/library/info/AFR12/002/2011/en;18 Aug 2011;
Sudan;12.862807;30.21763599999997;UN worker detained in Sudan;Idris Yousef Abdelrahman, a civil affairs officer for the joint United Nations African Mission in Darfur (UNAMID), is being detained and is at risk of torture or ...;http://www.amnesty.org/en/library/info/AFR54/024/2011/en;19 Jul 2011;
Nigeria;9.081999;8.675277000000051;Hundreds forcibly evicted in Abuja;Hundreds of people were forcibly evicted from their homes in an informal settlement in Abuja, Nigeria. The settlement was burnt down by a government task force ...;http://www.amnesty.org/en/library/info/AFR44/012/2011/en;29 Jun 2011;
Indonesia;-0.789275;113.92132700000002;Papuan activist at risk following beating;Yones Douw, a human rights activist in the Indonesian province of Papua, was beaten by military officers on 15 June and has been denied medical treatment. He fears ...;http://www.amnesty.org/en/library/info/ASA21/014/2011/en;17 Jun 2011;
Honduras;15.199999;-86.24190499999997;Radio station director attacked;Radio director Arnulfo Aguilar was attacked by eight to ten armed men wearing balaclavas outside his home in San Pedro Sula, north-western Honduras. Amnesty ...;http://www.amnesty.org/en/library/info/AMR37/004/2011/en;6 May 2011;
Russian Federation;61.52401;105.31875600000001;Imminent forcible eviction in Ingushetia;On 3 March 2011, fourteen families in Ingushetia, in the Russian Federation, were issued with a notice of eviction ordering them to move out within 10 days. No ...;http://www.amnesty.org/en/library/info/EUR46/010/2011/en;11 Mar 2011;
Indonesia;-0.789275;113.92132700000002;Journalist stabbed in Indonesia;In the early hours of 3 March, journalist Banjir Ambarita was stabbed in the Indonesian province of Papua. He is currently in intensive care, recovering after an ...;http://www.amnesty.org/en/library/info/ASA21/004/2011/en;3 Mar 2011;
Iran;32.427908;53.688045999999986;Further information;Student activist Iman Sedighi was arrested in Babol, Iran, on 20 February 2011 following a day of nationwide protests and strikes. His whereabouts is currently ...;http://www.amnesty.org/en/library/info/MDE13/021/2011/en;22 Feb 2011;
Mexico;23.634501;-102.55278399999997;Further information;The home of the Reyes family in Guadalupe, outside Ciudad Juarez, northern Mexico, was burnt down on 15 February while family members protested outside the Chihuahua ...;http://www.amnesty.org/en/library/info/AMR41/006/2011/en;18 Feb 2011;
Egypt;26.820553;30.802498000000014;More activists detained in Egypt;Three members of a leading Egyptian human rights organization were detained in Cairo on 3 February 2011 by the Egyptian security forces. They are currently being ...;http://www.amnesty.org/en/library/info/MDE12/009/2011/en;4 Feb 2011;
Egypt;26.820553;30.802498000000014;Further information;The whereabouts of Egyptian and international human rights activists, lawyers and journalists arrested during a raid on the Hisham Mubarak Law Center in Cairo on ...;http://www.amnesty.org/en/library/info/MDE12/010/2011/en;4 Feb 2011;
Egypt;26.820553;30.802498000000014;Human rights activists detained in Egypt;Human rights activists, journalists and others have been detained by the Egyptian security forces in an apparent crackdown on independent reporting of the unrest ...;http://www.amnesty.org/en/library/info/MDE12/008/2011/en;3 Feb 2011;
Sudan;12.862807;30.21763599999997;Protestors at risk of torture in Sudan;On 30 January 2911, protests spread across North Africa to Sudan's capital Khartoum. Following a crackdown by the security service and police, more than 70 people ...;http://www.amnesty.org/en/library/info/AFR54/005/2011/en;2 Feb 2011;
Mexico;23.634501;-102.55278399999997;Fears for staff of human rights organization;The office of a local human rights organization in the central-eastern Mexican state of Puebla has been raided and a threatening message was written on a board. ...;http://www.amnesty.org/en/library/info/AMR41/095/2010/en;22 Dec 2010;
Colombia;4.570868;-74.29733299999998;Human rights lawyer survives attack;William Cristancho Duarte, a human rights lawyer, has survived an attempt on his life on 10 December in northern Colombia. His life is in danger.;http://www.amnesty.org/en/library/info/AMR23/038/2010/en;16 Dec 2010;
Ghana;7.946527;-1.0231939999999895;Thousands facing forced eviction in Ghana;Thousands of people living and working next to disused railway lines in Accra, Ghana face imminent forced eviction to make way for the redevelopment of the railway ...;http://www.amnesty.org/en/library/info/AFR28/006/2010/en;9 Dec 2010;
Israel;31.046051;34.85161199999993;Demolition of Bedouin village imminent;Around 250 residents, one third of them children, of the Bedouin village al-'Araqib in southern Israel are facing forcible eviction from their land and the destruction ...;http://www.amnesty.org/en/library/info/MDE15/027/2010/en;12 Nov 2010;
Chad;15.454166;18.732207000000017;10,000 at imminent risk of forced eviction;Around 10000 people are at risk of forced eviction from Ambatta, in N'Djamena, the capital city of Chad. The authorities have told people living in the area to ...;http://www.amnesty.org/en/library/info/AFR20/011/2010/en;6 Oct 2010;
Kyrgyzstan;41.20438;74.76609800000006;Lawyer at risk after attack in court;Lawyer Tahir Asanov was attacked in court after calling for an investigation into police brutality against his client and nine other men during their trial in Osh ...;http://www.amnesty.org/en/library/info/EUR58/017/2010/en;1 Oct 2010;
Mexico;23.634501;-102.55278399999997;Attacked Indigenous women risk reprisals;On 7 September 2010, armed men attacked two Indigenous women from the San Juan Copala town in the southern Mexican state of Oaxaca. One was raped and the other ...;http://www.amnesty.org/en/library/info/AMR41/068/2010/en;10 Sep 2010;
Kyrgyzstan;41.20438;74.76609800000006;Violence at trial of prisoner of conscience;Prisoner of conscience Azimzhan Askarov, seven others being tried along with him in Kyrgyzstan and their lawyers and relatives, are at risk. On 2 September 2010 ...;http://www.amnesty.org/en/library/info/EUR58/014/2010/en;3 Sep 2010;
Bangladesh;23.684994;90.35633099999995;Workers and activists at risk in Bangladesh;In recent weeks, police have detained at least 21 garment factory employees and labour rights activists following violent street protests in and around the Bangladeshi ...;http://www.amnesty.org/en/library/info/ASA13/008/2010/en;23 Aug 2010;
Israel/Occupied Palestinian Territories;Further information ...;Three families in the Palestinian community of Hmayyir, in the al-Farisiya area of the West Bank, are at imminent risk of forced eviction from their homes and the ...;http://www.amnesty.org/en/library/info/MDE15/020/2010/en;18 Aug 2010;;;
Nigeria;9.081999;8.675277000000051;Father of human rights defender attacked;Oliver Igwe, the 77-year-old father of Nigerian human rights defender Leo Igwe, was attacked in his home by unidentified men, causing him to lose an eye. The police ...;http://www.amnesty.org/en/library/info/AFR44/014/2010/en;13 Aug 2010;
Georgia;32.1574351;-82.90712300000001;Civil society activists at risk in South Ossetia;Timur Tskhovrebov, an independent journalist and civil society activist, was attacked and badly beaten in Tskhinvali, the capital of South Ossetia, a breakaway ...;http://www.amnesty.org/en/library/info/EUR56/004/2010/en;2 Aug 2010;
Egypt;26.820553;30.802498000000014;1500 families at risk of forced eviction;On 25 July, residents of Al-Sahaby area in central Aswan, Egypt, complained to the Governorate of Aswan about plans to demolish their homes. The 1500 affected families ...;http://www.amnesty.org/en/library/info/MDE12/029/2010/en;28 Jul 2010;
Kenya;-0.023559;37.90619300000003;Hundreds at risk after forced evictions;Hundreds of people have been made homeless and urgently need food, water and shelter, following a mass forced eviction by the government of Kenya. The forced eviction ...;http://www.amnesty.org/en/library/info/AFR32/009/2010/en;15 Jul 2010;
Kyrgyzstan;41.20438;74.76609800000006;Open borders to refugees from Kyrgyzstan;Join Amnesty International's call to the governments of Uzbekistan, Kazakhstan and Tajikistan to open their borders to those fleeing violence in Southern Kyrgyzstan ...;http://www.amnesty.org/en/library/info/EUR58/004/2010/en;22 Jun 2010;
Mexico;23.634501;-102.55278399999997;Further information;Fifteen armed men hired by a local landowning family threatened to demolish a couple's home in an area called Lomas del Poleo, Chihuahua state, northern Mexico, ...;http://www.amnesty.org/en/library/info/AMR41/038/2010/en;6 May 2010;
Mexico;23.634501;-102.55278399999997;Missing Mexicans found, activists still at risk;Two journalists and three human rights activists, missing after an attack on human rights observers in Oaxaca State, Mexico, were found on 29 April 2010. However ...;http://www.amnesty.org/en/library/info/AMR41/036/2010/en;30 Apr 2010;
Mexico;23.634501;-102.55278399999997;Human rights observers attacked in Mexico;Human rights activists in Oaxaca state, Mexico, are at serious risk following an attack on human rights observers on 27 April, which left at least two dead and ...;http://www.amnesty.org/en/library/info/AMR41/035/2010/en;29 Apr 2010;
Libya;26.3351;17.228331000000026;Scores of families risk homelessness in Libya;Scores of families of Tabu origin in Kufra municipality, south-east Libya, are reported to have been forcibly evicted and have had their houses demolished by law ...;http://www.amnesty.org/en/library/info/MDE19/004/2010/en;31 Mar 2010;
Mexico;23.634501;-102.55278399999997;Further information;A woman living in the Lomas del Poleo area of Chihuahua state, northern Mexico, was shot and injured on 4 December. Those living in Lomas del Poleo, particularly ...;http://www.amnesty.org/en/library/info/AMR41/065/2009/en;10 Dec 2009;
Nicaragua;12.865416;-85.20722899999998;Human rights activist threatened, attacked;UA: 320/09 Index: AMR 43/015/2009 Nicaragua Date: 1 December 2009. URGENT ACTION. HUMAN RIGHTS ACTIVIST THREATENED, ATTACKED. Human ...;http://www.amnesty.org/en/library/info/AMR43/015/2009/en;1 Dec 2009;
China;35.86166;104.19539699999996;Further information;Nine people - eight from the Uighur ethnic group and one of Han Chinese ethnicity - were executed in the Xinjiang Uighur Autonomous Region (XUAR) in western China ...;http://www.amnesty.org/en/library/info/ASA17/063/2009/en;11 Nov 2009;
Mexico;23.634501;-102.55278399999997;Villagers Threatened;The inhabitants of a village in southern Mexico have been attacked repeatedly by a group of armed men, who have now chased away the police officers who were meant ...;http://www.amnesty.org/en/library/info/AMR41/055/2009/en;16 Oct 2009;
Cambodia;12.565679;104.99096299999997;Families evicted by force;At least 115 families were forcibly evicted on 9-10 October, and had their homes demolished, in a village in north-western Cambodia. All are now homeless; three ...;http://www.amnesty.org/en/library/info/ASA23/021/2009/en;14 Oct 2009;
Honduras;15.199999;-86.24190499999997;Attacks on journalists must stop;Media workers in Honduras have been under attack since Roberto Micheletti seized power on 28 June. Since 23 September, a radio station director says he has been ...;http://www.amnesty.org/en/library/info/AMR37/007/2009/en;2 Oct 2009;
Brazil;-14.235004;-51.92527999999999;Indigenous group attacked by armed men;Around ten armed men attacked the Guarani Kaiowa Apyka´y community near Dourados, in the state of Mato Grosso do Sul. Shots were fired indiscriminately at the ...;http://www.amnesty.org/en/library/info/AMR19/017/2009/en;25 Sep 2009;
Mexico;23.634501;-102.55278399999997;Activists under threat;Community leader Eligio Rebolledo Salinas (m) has been shot by unidentified gunmen. Three of his male relatives were later arrested without a warrant. They had ...;http://www.amnesty.org/en/library/info/AMR41/047/2009/en;10 Sep 2009;
Mexico;23.634501;-102.55278399999997;Stop violence against evicted community;The inhabitants of San Antonio Ebulá, outside the state capital of Campeche, were forcibly evicted and some were beaten on 13 August by private security guards ...;http://www.amnesty.org/en/library/info/AMR41/046/2009/en;3 Sep 2009;
Mexico;23.634501;-102.55278399999997;Human rights defender shot by armed man;Mexican human rights defender, Salomón Monárrez Meraz, was shot three times by an unidentified armed man on 31 August. His life and that of other members of the ...;http://www.amnesty.org/en/library/info/AMR41/045/2009/en;2 Sep 2009;
Cambodia;12.565679;104.99096299999997;160 families have one week to dismantle homes;Two villages in Phnom Penh, the Cambodian capital, have received an official notice that they will have to leave their homes within seven days, as a private company ...;http://www.amnesty.org/en/library/info/ASA23/017/2009/en;13 Aug 2009;
Mexico;23.634501;-102.55278399999997;Woman attacked by armed security guards;A Mexican woman living in the northern state of Chihuahua, Carmen Quiñones Ortíz, was assaulted and threatened on 29 June by private security guards hired by local ...;http://www.amnesty.org/en/library/info/AMR41/037/2009/en;6 Jul 2009;
Mexico;23.634501;-102.55278399999997;Fear for safety;Margarita Martín de las Nieves, Santiago Ponce Lola and Modesta Laureano Petra, all active members of an indigenous rights organisation, were attacked by a gunman ...;http://www.amnesty.org/en/library/info/AMR41/033/2009/en;26 Jun 2009;
Mexico;23.634501;-102.55278399999997;Fear for safety;Soldiers went into three rural communities in the southern state of Guerrero between 9 and 13 June 2009, and tortured, shot at, threatened and harassed adults and ...;http://www.amnesty.org/en/library/info/AMR41/031/2009/en;22 Jun 2009;
Sri Lanka;7.873053999999999;80.77179699999999;Fear for safety / incommunicado detention;Amnesty International is concerned for the safety of three government employed doctors who had been working in the conflict zone in North eastern Sri Lanka until ...;http://www.amnesty.org/en/library/info/ASA37/011/2009/en;18 May 2009;
Bangladesh;23.684994;90.35633099999995;Fear for safety/Death Threats;Journalist Abdullah Al-Amin Biplob was attacked on 11 April 2009 by men identifying themselves as supporters of a local Member of Parliament (MP). This followed ...;http://www.amnesty.org/en/library/info/ASA13/003/2009/en;8 May 2009;
Sri Lanka;7.873053999999999;80.77179699999999;Fear for safety/Health concern;Approximately 50000 civilians are trapped in the worsening humanitarian crisis in the Mullaitivu District of northern Sri Lanka. They lack food and medical care ...;http://www.amnesty.org/en/library/info/ASA37/008/2009/en;1 May 2009;
Honduras;15.199999;-86.24190499999997;Fear for safety/Death threats, Transgender human rights ...;Police officers are alleged to have beaten up a transgender woman, who is an HIV/AIDS campaigner and sex worker, after she refused to give them her money. They ...;http://www.amnesty.org/en/library/info/AMR37/001/2009/en;21 Jan 2009;
Guatemala;15.783471;-90.23075899999998;Fear for Safety;Human rights activist Miguel Arturo Albizures Pedrosa and a member of the Guatemala City student organization No'j were involved in a demonstration which disrupted ...;http://www.amnesty.org/en/library/info/AMR34/023/2008/en;6 Nov 2008;
India;20.593684;78.96288000000004;Further information on fear for safety;Violence against the Christian minority in Kandhamal district, Orissa, subsided during October etc, and the district is now relatively calm. Amnesty International ...;http://www.amnesty.org/en/library/info/ASA20/026/2008/en;3 Nov 2008;
Mexico;23.634501;-102.55278399999997;Fear for safety;PUBLIC AI Index: AMR 41/054/08. 24 October 2008. UA 297/08 Fear for safety. MEXICO Carmelino Navarro Jiménez (m), 9. Manuela Morales Gómez (f),. ...;http://www.amnesty.org/en/library/info/AMR41/054/2008/en;24 Oct 2008;
India;20.593684;78.96288000000004;Further information on fear for safety;The Orissa state authorities have set up 20 relief camps to provide sanctuary for Christians forced to flee their homes in Kandhamal district. The Christian minority ...;http://www.amnesty.org/en/library/info/ASA20/019/2008/en;5 Sep 2008;
Georgia;32.1574351;-82.90712300000001;Further Information on Civilian lives at risk ...;Humanitarian organizations report that they are still prevented from delivering aid to the disputed region of South Ossetia, leading to fears that civilians in ...;http://www.amnesty.org/en/library/info/EUR56/008/2008/en;19 Aug 2008;
Mexico;23.634501;-102.55278399999997;Intimidation/Ill-treatment;Primary school teacher Dante Valdez was attacked on 13 August 2008 by a group of about 30 people who burst into a local school in Madera, Chihuahua state, where ...;http://www.amnesty.org/en/library/info/AMR41/036/2008/en;18 Aug 2008;
Georgia/ Russian Federation;41.3170303;46.82110510000007;Civilian lives at risk;The lives of civilians in the disputed region of South Ossetia and in Georgia are at risk. Heavy civilian casualties have been reported as a result of fighting ...;http://www.amnesty.org/en/library/info/EUR56/005/2008/en;11 Aug 2008;
Mexico;23.634501;-102.55278399999997;Further Information on Fear for safety;Environmental activists and members of a coalition protesting against the activities of a mining company in the municipality of Cerro San Pedro, San Luis Potosí ...;http://www.amnesty.org/en/library/info/AMR41/033/2008/en;22 Jul 2008;
India;20.593684;78.96288000000004;Fear for safety;On 30 June 2008, the residence of Pervez Imroz, a leading human rights defender and lawyer in Jammu and Kashmir state, was attacked with gunfire and a hand grenade ...;http://www.amnesty.org/en/library/info/ASA20/015/2008/en;2 Jul 2008;
Mexico;23.634501;-102.55278399999997;Fear for safety;The municipal authorities of the mainly indigenous Mixteca municipality of Santo Domingo Ixcatlán, in Oaxaca state, are preparing to sell off an area of communal ...;http://www.amnesty.org/en/library/info/AMR41/023/2008/en;16 May 2008;
Brazil;-14.235004;-51.92527999999999;Further information on fear for safety;Around 50 Guajajara indigenous families, in the remote Araribóia reservation in the central west of Maranhão state, are at risk of attack from local gunmen allegedly ...;http://www.amnesty.org/en/library/info/AMR19/007/2008/en;12 May 2008;
Kenya;-0.023559;37.90619300000003;029/08 Death threats/Fear for Safety;Nine human rights defenders and pro-democracy activists named in this action have received a number of anonymous threats, including death threats, in the last two ...;http://www.amnesty.org/en/library/info/AFR32/001/2008/en;30 Jan 2008;
Mexico;23.634501;-102.55278399999997;Further information on fear for safety / fear of ill ...;Diego Arcos Meneses was freed from a state prison on 4 December 2007 as the prosecution dropped all charges against him on grounds of lack of evidence. However, ...;http://www.amnesty.org/en/library/info/AMR41/067/2007/en;6 Dec 2007;
Dominican Republic;18.735693;-70.16265099999998;Forced eviction;Scores of police and soldiers forcibly evicted 45 families including minors on 1 December 2007 from their homes in Villa Venecia de Pantoja, in Santo Domingo Province ...;http://www.amnesty.org/en/library/info/AMR27/007/2007/en;5 Dec 2007;
Cambodia;12.565679;104.99096299999997;Forced eviction;At around 3 am on 2 November 2007, 300 members of the security forces were deployed around the village of Chong Chruoy on the eastern outskirts of Phnom Penh. Within ...;http://www.amnesty.org/en/library/info/ASA23/009/2007/en;22 Nov 2007;
Dominican Republic;18.735693;-70.16265099999998;Fear for safety/ Death threats;At midnight on 28 October 2007, a group of Haitian migrant workers and Dominicans of Haitian descent living in the community of Ranchadero were victims of a racist ...;http://www.amnesty.org/en/library/info/AMR27/005/2007/en;2 Nov 2007;
Brazil;-14.235004;-51.92527999999999;Fear for safety;The lives of around 200 agricultural workers occupying a farm near the town of Santa Teresa do Oeste in Paraná state, southern Brazil, are in imminent danger. The ...;http://www.amnesty.org/en/library/info/AMR19/019/2007/en;25 Oct 2007;
China;35.86166;104.19539699999996;Fear for safety;Li Heping, a Beijing-based human rights lawyer, was abducted and assaulted by a group of unidentified men on 29 September 2007. They beat him with electro-shock ...;http://www.amnesty.org/en/library/info/ASA17/046/2007/en;3 Oct 2007;
Sudan;12.862807;30.21763599999997;Further information on Incommunicado detention/ fear of ...;Dr Mohamed Jalal Ahmed Hashim was released on 25 August.;http://www.amnesty.org/en/library/info/AFR54/049/2007/en;28 Aug 2007;
Sudan;12.862807;30.21763599999997;Torture/Fear for Safety;On 21 August hundreds of police, army and border intelligence guards surrounded Kalma Camp, near the capital of South Darfur, Nyala. About 35 of the displaced people ...;http://www.amnesty.org/en/library/info/AFR54/047/2007/en;23 Aug 2007;
Mexico;23.634501;-102.55278399999997;Fear for safety;Journalist Misael Sánchez Sarmiento, who writes for the Oaxacan newspaper Tiempo, was shot and wounded on 12 June near his home, on the outskirts of Oaxaca City ...;http://www.amnesty.org/en/library/info/AMR41/026/2007/en;15 Jun 2007;
Ethiopia;9.145000000000001;40.48967300000004;Further information on incommunicado detention/ fear of ...;Ines Chine and her husband Adnan Najah, Halima Badroudine Hussein and her three children, and seven other individuals were recently released by the Ethiopian ...;http://www.amnesty.org/en/library/info/AFR25/011/2007/en;31 May 2007;
Mexico;23.634501;-102.55278399999997;Fear for safety;Environmentalists Aldo and Misael Zamora were attacked allegedly by a group of illegal loggers on 15 May in Santa Lucía, municipality of Ocuilán, Mexico State. ...;http://www.amnesty.org/en/library/info/AMR41/023/2007/en;30 May 2007;
Nigeria;9.081999;8.675277000000051;Fear for safety;On 19 May, armed men attacked Baridi Kpalap, the wife of Bari-ara Kpalap and his four children. Bari-ara Kpalap is a staff member of the Movement for the Survival ...;http://www.amnesty.org/en/library/info/AFR44/011/2007/en;25 May 2007;
Cambodia;12.565679;104.99096299999997;Forced eviction/use of excessive force;Police forcibly evicted 117 families from the community of Mittapheap 4, in the coastal town of Sihanoukville, on 20 April, and destroyed their homes. The police ...;http://www.amnesty.org/en/library/info/ASA23/005/2007/en;1 May 2007;
Honduras;15.199999;-86.24190499999997;Further information on fear for safety;On 14 April, shots were fired at the taxi in which five members of the Afro-descendant Garifuna community of San Juan Tela were travelling. This is the third serious ...;http://www.amnesty.org/en/library/info/AMR37/003/2007/en;24 Apr 2007;
Ethiopia;9.145000000000001;40.48967300000004;Incommunicado detention/ fear of torture or ill ...;Bashir Ahmed Makhtal, Halima Badrudine Hussein, Ayub Abdurazak, Tesfaldet Kidane Tesfasgi, Saleh Idris Salim, Osman Ahmed Yassin Sophia Abdi Nasir, Ines Chine, ...;http://www.amnesty.org/en/library/info/AFR25/005/2007/en;16 Apr 2007;
Mexico;23.634501;-102.55278399999997;Further information on fear for safety / fear of ill ...;On 21 February, Diego Arcos Meneses was committed for trial on the basis of reportedly unfair investigation and trial procedures. He now faces being held in custody ...;http://www.amnesty.org/en/library/info/AMR41/012/2007/en;16 Mar 2007;
Israel;31.046051;34.85161199999993;Further information on Fear for Safety;There have been further attacks by Israeli settlers on human rights defenders working in the Occupied Territories. The head of one international organization working ...;http://www.amnesty.org/en/library/info/MDE15/016/2007/en;9 Mar 2007;
Venezuela;6.42375;-66.58973000000003;Fear for safety;Human rights defender Jos Luis Urbano was shot and wounded on 10 February, in his home town of Barcelona, in the northern state of Anzo tegui. He is the president ...;http://www.amnesty.org/en/library/info/AMR53/001/2007/en;26 Feb 2007;
Iraq;33.223191;43.679291000000035;Incommunicado detention/ fear of torture or ill-treatment;Sisters Iqbal and Amal Ibtissam are among scores of women and children being held incommunicado by Iraqi security forces and government militias in the city of ...;http://www.amnesty.org/en/library/info/MDE14/011/2007/en;23 Feb 2007;
Guatemala;15.783471;-90.23075899999998;Fear for safety/Death threats;Francisco Soto, Ang lica Gonz lez, Otto Navarro and Jennifer Echeverr a make up the team of lawyers at the Centre for Legal Action on Human Rights, providing ...;http://www.amnesty.org/en/library/info/AMR34/005/2007/en;8 Feb 2007;
Yemen;15.552727;48.516388000000006;Fear of torture and ill-treatment/Incommunicado detention;Qursan Ahsan Qursan, 'Abdullah Mohamed Saliha, 'Ali 'Abdulla Tahoos and Ibrahim al-Huthi are among at least 50 people detained following clashes between security ...;http://www.amnesty.org/en/library/info/MDE31/001/2007/en;7 Feb 2007;
Equatorial Guinea;1.650801;10.267894999999953;Further information on fear of forced evictions ...;The threat to forcibly evict over 360 families from their homes in the capital, Malabo, on 2 January was not carried out. This was due to the pressure exerted by ...;http://www.amnesty.org/en/library/info/AFR24/001/2007/en;26 Jan 2007;
Sudan;12.862807;30.21763599999997;Death Penalty;Seven men (Paul John Kaw (m), Fathi Adam Mohammed Ahmad Dahab (m), Idris Adam Alyas (m), Nasr-al-Din Ahmad Ali (m), Sulayman Jum'a Timbal (m), Badawi Hasan Ibrahim ...;http://www.amnesty.org/en/library/info/AFR54/001/2007/en;10 Jan 2007;
Equatorial Guinea;1.650801;10.267894999999953;Further information on fear of forced evictions ...;Over one hundred families of the over 360 at risk have been evicted from their homes in several neighbourhoods in Malabo, the capital. To date, none of the families ...;http://www.amnesty.org/en/library/info/AFR24/017/2006/en;11 Dec 2006;
Mexico;23.634501;-102.55278399999997;Further information on fear for safety / fear of ill ...;Diego Arcos Meneses, who was arrested on 14 November, is at risk of torture or ill-treatment in detention. According to new information received by Amnesty ...;http://www.amnesty.org/en/library/info/AMR41/054/2006/en;24 Nov 2006;
Israel;31.046051;34.85161199999993;Fear for Safety;Human rights defenders working in the Occupied Territories are at risk of attack by Israeli settlers. Amnesty International is concerned at the latest such attack ...;http://www.amnesty.org/en/library/info/MDE15/092/2006/en;23 Nov 2006;
Mexico;23.634501;-102.55278399999997;Fear for safety/Fear of ill-treatment/Arbitrary Detention;In the early morning of 13 November the indigenous community of Viejo Velasco Suarez, Chiapas State, was attacked by over 200 armed individuals, many of whom were ...;http://www.amnesty.org/en/library/info/AMR41/053/2006/en;16 Nov 2006;
Sudan;12.862807;30.21763599999997;Fear for Safety/Fear of Unlawful Killings;Janjawid militias attacked eight villages and a camp of displaced people in the Jebel Moon area of West Darfur on 29 October, leaving at least 67 men, women and ...;http://www.amnesty.org/en/library/info/AFR54/073/2006/en;3 Nov 2006;
Gambia;13.443182;-15.310138999999936;Further information on incommunicado detention/fear of ...;Lawyer Mariam Denton, who had been detained in connection with an alleged coup, was released without charge on 25 July. Amnesty International has also learnt that ...;http://www.amnesty.org/en/library/info/AFR27/007/2006/en;3 Oct 2006;
Sudan;12.862807;30.21763599999997;Fear of unlawful killings/ medical concern;Amnesty International fears for the lives of civilians living in areas under rebel control in North Darfur, as a military offensive of the Sudanese government continues ...;http://www.amnesty.org/en/library/info/AFR54/048/2006/en;6 Sep 2006;
Israel;31.046051;34.85161199999993;Fear for safety;Hundreds of thousands of civilians, particularly children, in south Lebanon are at risk from unexploded cluster bombs fired by Israeli forces during the 34-day ...;http://www.amnesty.org/en/library/info/MDE15/080/2006/en;31 Aug 2006;
Israel/Lebanon;32.839786;35.073732000000064;Further information on Thousands of civilians in ...;On 14 August, a ceasefire between Israel and Hizbullah, called for in UN Security Council resolution 1701, came into effect.;http://www.amnesty.org/en/library/info/MDE15/078/2006/en;20 Aug 2006;
Israel/Lebanon;32.839786;35.073732000000064;Further information on fear for safety/ forcible ...;On 14 August, a ceasefire between Israel and Hizbullah, called for in UN Security Council resolution 1701, came into effect. Between the outbreak of the conflict ...;http://www.amnesty.org/en/library/info/MDE15/077/2006/en;16 Aug 2006;
Israel/Lebanon;32.839786;35.073732000000064;Thousands of civilians in southern Lebanon;Thousands of civilians are trapped in villages in southern Lebanon, where they are at grave risk from frequent Israeli air strikes and shelling. They are cut off ...;http://www.amnesty.org/en/library/info/MDE15/076/2006/en;8 Aug 2006;
Israel/Lebanon;32.839786;35.073732000000064;Fear for safety/ forcible displacement;Civilians continue to bear the brunt of the ongoing conflict between Israel and Hizbullah since the outbreak of hostilities on 12 July.;http://www.amnesty.org/en/library/info/MDE15/074/2006/en;6 Aug 2006;
Israel;31.046051;34.85161199999993;Further information on house demolition/forced eviction ...;On 7 June the Jerusalem Court of Local Affairs ordered the Herbawi family to obtain a building permit for the part of their home which houses their disabled 24- ...;http://www.amnesty.org/en/library/info/MDE15/052/2006/en;18 Jun 2006;
Colombia;4.570868;-74.29733299999998;Fear for safety;A paramilitary group has sent death threats to a prominent human rights organisation which works on issues relating to communities forcibly displaced by the armed ...;http://www.amnesty.org/en/library/info/AMR23/027/2006/en;25 May 2006;
Maldives;3.202778;73.22068000000002;Fear for safety;Human rights defender Aminath Najeeb is the editor of the newspaper Minivan, which has been critical of the government. The authorities are now preparing to detain ...;http://www.amnesty.org/en/library/info/ASA29/002/2006/en;16 May 2006;
Iran;32.427908;53.688045999999986;Further information on medical concern/ possible prisoners ...;Ma'soumeh Ka'bi and her four-year-old son Imad were reportedly released on 28 April after payment of bail. The other women and children (Soghra Khudayrawi and her ...;http://www.amnesty.org/en/library/info/MDE13/044/2006/en;2 May 2006;
Israel;31.046051;34.85161199999993;House Demolition/forced eviction/medical concern;The Jerusalem Municipality is preparing to forcibly evict Muhammad Is'hac and Yousra Herbawi from the house where they live with their six children, one of whom ...;http://www.amnesty.org/en/library/info/MDE15/038/2006/en;1 May 2006;
Gambia;13.443182;-15.310138999999936;Further information on incommunicado detention/fear of ...;Arrests have continued over the last few days in connection with an attempted coup that allegedly took place on 21 March. Furthermore, Abdoulie Kujabi, who has ...;http://www.amnesty.org/en/library/info/AFR27/003/2006/en;9 Apr 2006;
Gambia;13.443182;-15.310138999999936;Further information on incommunicado detention/fear of ...;At least 12 more people including Raif Diab (m), businessperson, aged around 70; Mariam Denton (f), lawyer and at least 10 others are known to have been arrested ...;http://www.amnesty.org/en/library/info/AFR27/002/2006/en;5 Apr 2006;
Gambia;13.443182;-15.310138999999936;Incommunicado detention/fear of torture or ill-treatment;At least 28 people, including Major Sang Pierre Mendy (m), Captain Muhammed Jah (m), Captain Bunja Darboe (m), Lt Wassa Camara (m),Famara Jammeh (m), Alpha Bah ...;http://www.amnesty.org/en/library/info/AFR27/001/2006/en;27 Mar 2006;
Iran;32.427908;53.688045999999986;Medical concern/ possible prisoners of conscience/ Fear of ...;Three women and two children (Ma'soumeh Ka'bi and Imad, her son, aged 4, Soghra Khudayrawi and Zeidan, her son, aged 4, and Sakina Naisi), all members of Iran's ...;http://www.amnesty.org/en/library/info/MDE13/028/2006/en;23 Mar 2006;
China;35.86166;104.19539699999996;Further Information on fear of torture and ill-treatment ...;Human rights defender and legal adviser Chen Guangcheng, who has been under a form of house arrest since September 2005, was detained by police on 11 March along ...;http://www.amnesty.org/en/library/info/ASA17/018/2006/en;14 Mar 2006;
Eritrea;15.179384;39.78233399999999;Fear of Torture or ill-treatment/ Prisoners of Conscience ...;Seventy-five military conscripts who are evangelical Christians were reportedly detained on 1 February at the main military training centre at Sawa near the western ...;http://www.amnesty.org/en/library/info/AFR64/001/2006/en;17 Feb 2006;
Bangladesh;23.684994;90.35633099999995;Further information on Fear for Safety;On 10 February, the Bangladeshi security forces prevented members of the Islamist group, the International Khatme Nabuwat Movement (IKNM) from holding a rally at ...;http://www.amnesty.org/en/library/info/ASA13/002/2006/en;16 Feb 2006;
Bangladesh;23.684994;90.35633099999995;Fear for Safety;An Islamist group has threatened to organise a rally in order to place a placard denouncing the Ahmadiyya religious community outside the Ahmadiyya Muslim Jamaat ...;http://www.amnesty.org/en/library/info/ASA13/001/2006/en;7 Feb 2006;
China;35.86166;104.19539699999996;Further Information on fear of torture and ill-treatment ...;Chen Hua, a neighbour and relative of the human rights defender Chen Guangcheng, has been beaten and is currently detained at Xishan Public Security Bureau Detention ...;http://www.amnesty.org/en/library/info/ASA17/005/2006/en;6 Feb 2006;
Angola;-11.202692;17.873886999999968;Further information on forced evictions/use of excessive ...;The Luanda Provincial Government is now known to have carried out further evictions in other neighbourhoods of Luanda near Cambamba I and II, where a total of 523 ...;http://www.amnesty.org/en/library/info/AFR12/001/2006/en;25 Jan 2006;
China;35.86166;104.19539699999996;Fear for safety;On 17 November, Zhao Xin, aged 35, academic and human rights defender, director of the Beijing-based human rights organization The Empowerment and Rights Institute ...;http://www.amnesty.org/en/library/info/ASA17/041/2005/en;25 Nov 2005;
Mexico;23.634501;-102.55278399999997;Fear for safety;Human rights activist Gustavo Jiménez Pérez was severely beaten on 20 November, by six men who forced their way into his house and threatened to kill him. He and ...;http://www.amnesty.org/en/library/info/AMR41/046/2005/en;24 Nov 2005;
Tunisia;33.886917;9.537499000000025;Fear for safety/Intimidation;A French journalist (Christophe Boltanski (m)) and two Tunisian human rights defenders (Radhia Nasraoui (f), Mokhtar Trifi (m)) have been attacked and intimidated ...;http://www.amnesty.org/en/library/info/MDE30/022/2005/en;15 Nov 2005;
China;35.86166;104.19539699999996;Further Information on fear of torture and ill-treatment ...;Chen Guangcheng, who is under a form of house arrest in the village of Dongshigu in the eastern province of Shandong, was reportedly kicked and beaten by a group ...;http://www.amnesty.org/en/library/info/ASA17/040/2005/en;16 Oct 2005;
Pakistan;30.375321;69.34511599999996;Further information on;Diwan Hashmat Hayat has been attacked by three other prisoners at Jhelum District Central Jail, Punjab in connection with the charges of blasphemy he is facing. ...;http://www.amnesty.org/en/library/info/ASA33/020/2005/en;19 Jul 2005;
Venezuela;6.42375;-66.58973000000003;Further information on;On 18 June, an attempt was made on the life of Oscar Barrios as he left the house of the widow of Luis Barrios who was allegedly killed by the police in September ...;http://www.amnesty.org/en/library/info/AMR53/004/2005/en;20 Jun 2005;
Zimbabwe;-19.015438;29.154856999999993;Fear of Excessive Use of Force/ Fear for Safety;Amnesty International is calling on the Zimbabwe Republic Police to exercise restraint and fully respect human rights when policing any public protest actions associated ...;http://www.amnesty.org/en/library/info/AFR46/013/2005/en;7 Jun 2005;
Bolivia;-16.290154;-63.58865300000002;Fear for safety, Silvestre Saisari Cruz;Silvestre Saisari Cruz, who heads an organization that represents landless peasants in Santa Cruz Department, was attacked on 9 May by a group of men allegedly ...;http://www.amnesty.org/en/library/info/AMR18/003/2005/en;17 May 2005;
Sudan;12.862807;30.21763599999997;Fear of Torture / Forced Relocation / Excessive use of ...;In the early morning of 10 November, Sudanese police carried out the latest in a series of increasingly violent attacks against displaced people held in camps in ...;http://www.amnesty.org/en/library/info/AFR54/146/2004/en;11 Nov 2004;
Eritrea;15.179384;39.78233399999999;Fear of torture / Incommunicado detention/Arbitrary ...;Thousands of people arrested on suspicion of evading military conscription and held at Adi Abeto army prison are thought to be at serious risk of torture and ill ...;http://www.amnesty.org/en/library/info/AFR64/008/2004/en;9 Nov 2004;
China;35.86166;104.19539699999996;Further Information;Li Dan was released on 9 August. However, a few hours later he was reportedly attacked and beaten by two young men who told him that he should know why they were ...;http://www.amnesty.org/en/library/info/ASA17/040/2004/en;9 Aug 2004;
Sudan;12.862807;30.21763599999997;Fear for Safety/Torture or other ill-treatment;Forty-seven people from North Darfur State, including the seven named above, were reportedly arrested between 26 June and 3 August after they spoke to members of ...;http://www.amnesty.org/en/library/info/AFR54/095/2004/en;5 Aug 2004;
Bangladesh;23.684994;90.35633099999995;Fear of safety/human rights defender at risk, Sumi ...;Sumi Khan, Chittagong correspondent of the magazine Weekly 2000 was stabbed and critically wounded in the Nandan Kanon area of the city on 27 April. The attack ...;http://www.amnesty.org/en/library/info/ASA13/006/2004/en;3 May 2004;
Russian Federation;61.52401;105.31875600000001;Fear for safety, Stanislav MARKELOV (m), aged ...;Amnesty International is seriously concerned for the safety of human rights lawyer, Stanislav Markelov, following a recent attack on him by a group of five men, ...;http://www.amnesty.org/en/library/info/EUR46/016/2004/en;28 Apr 2004;
Sudan;12.862807;30.21763599999997;Torture/ill-treatment/medical concern;Dr Ali Ahmed Daoud and Ali Hussain Dossa were arrested on 15 March. They are now held in Nyala security centre, South Darfur, in western Sudan. Both men were reportedly ...;http://www.amnesty.org/en/library/info/AFR54/031/2004/en;18 Mar 2004;
Ecuador;-1.831239;-78.18340599999999;Further Information on Death threats/fear for safety;Marlon Santi, President of the Sarayaku Association, was reportedly attacked and beaten in Quito on the night of 29 February 2004.;http://www.amnesty.org/en/library/info/AMR28/007/2004/en;3 Mar 2004;
Nepal;28.394857;84.124008;Fear for safety/ possible disappearance, Narendra ...;Narendra Maharjan was reportedly arrested while at work on 21 January 2004. His whereabouts are unknown, and Amnesty International is concerned for his safety.;http://www.amnesty.org/en/library/info/ASA31/019/2004/en;6 Feb 2004;
Sudan;12.862807;30.21763599999997;Death Penalty/Unfair trial. Al-Tayeb Ali Ahmad (m);Al-Tayeb Ali Ahmad was sentenced to death on or about 28 January, after an unfair trial where he had no legal representation. He has until 9 February to appeal.;http://www.amnesty.org/en/library/info/AFR54/012/2004/en;6 Feb 2004;
Mexico;23.634501;-102.55278399999997;Fear for safety/ Threats. Martín Barrios Hernández (m) ...;There are concerns for the safety of Martín Barrios Hernández after he was seriously assaulted outside his home on 30 December 2003. The attack was the culmination ...;http://www.amnesty.org/en/library/info/AMR41/004/2004/en;21 Jan 2004;
Israel/OT;31.133393;35.35547999999994;Further Information on Forcible transfer;Sixteen of the Palestinian administrative detainees, including Mustafa 'Abed who is married with seven children, have been forcibly transferred from the West Bank ...;http://www.amnesty.org/en/library/info/MDE15/001/2004/en;8 Jan 2004;
Nepal;28.394857;84.124008;Further information on Fear for safety/possible  ...;On 26 November, Piman Singh Tamang was reportedly driven, blindfold, to Thankot, a suburb of Kathmandu, before being released. He had been arrested on 21 November ...;http://www.amnesty.org/en/library/info/ASA31/095/2003/en;2 Dec 2003;
Nepal;28.394857;84.124008;Fear for safety/possible disappearance;Amnesty International is concerned for the safety of nine named people, who were reportedly arrested in Kathmandu between 1 September and 21 November. Their whereabouts ...;http://www.amnesty.org/en/library/info/ASA31/085/2003/en;25 Nov 2003;
Israel/OT;31.133393;35.35547999999994;Further information on Fear of forcible transfer;PUBLIC AI Index: MDE 15/100/2003. 11 November 2003. Further Information on UA 292/03 (MDE 15/092/2003, 15 October 2003) Fear of forcible transfer. ...;http://www.amnesty.org/en/library/info/MDE15/100/2003/en;11 Nov 2003;
India;20.593684;78.96288000000004;Further information on Fear for safety;Human rights defender, Rais Khan Azeezkhan Pathan, full time coordinator of the Citizens for Justice and Peace (CPJ), a non governmental organization based in ...;http://www.amnesty.org/en/library/info/ASA20/031/2003/en;10 Nov 2003;
Israel/OT;31.133393;35.35547999999994;Fear of forcible transfer;On 14 October, Moshe Kaplinski the Israeli army Commander for the West Bank ordered the forcible transfer of the 16 Palestinian administrative detainees named above ...;http://www.amnesty.org/en/library/info/MDE15/092/2003/en;14 Oct 2003;
Libya;26.3351;17.228331000000026;Further information on Forcible return / fear for safety ...;The Libyan authorities are reportedly intending to deport seven detainees Zacharias Michael Belay (m), Misghina Seyoum (m), Mesfin Aman (m), Rezene Eyassu (m), ...;http://www.amnesty.org/en/library/info/MDE19/015/2003/en;14 Sep 2003;
India;20.593684;78.96288000000004;Further information on Fear for safety;Human rights defenders Teesta Setalvad, Rais Khan Azeezkhan Pathan and Suhel Tirmizi have received a number of threats. The three are involved in protecting witnesses ...;http://www.amnesty.org/en/library/info/ASA20/024/2003/en;1 Sep 2003;
Colombia;4.570868;-74.29733299999998;Fear for safety;Amnesty International is seriously concerned for the safety of Juan Carlos Galvis, vice-president of the Sindicato Nacional de Trabajadores de la Industria de Alimentos ...;http://www.amnesty.org/en/library/info/AMR23/057/2003/en;26 Aug 2003;
Guatemala;15.783471;-90.23075899999998;Further information on Fear for Safety - Gustavo Meoño ...;Nobel Peace Prize Laureate Rigoberta Menchú Tum and her relative, Francisco Menchú, who works for the human rights group the Fundación Rigoberta Menchú Tum (FRMT ...;http://www.amnesty.org/en/library/info/AMR34/049/2003/en;10 Aug 2003;
Sudan;12.862807;30.21763599999997;Further Information on Fear for safety/fear of torture or ...;Amnesty International has learnt that two other men, Ahmed Dut Hamid and Musa Daoud were arrested in the town of Kabkabiya, North Darfur State, on 30 July. Adam ...;http://www.amnesty.org/en/library/info/AFR54/070/2003/en;6 Aug 2003;
Colombia;4.570868;-74.29733299999998;Further information on Fear for Safety.;Amnesty International is seriously concerned for the safety of Wilson David Higuita and the other members of the Peace Community of San José de Apartadó. This follows ...;http://www.amnesty.org/en/library/info/AMR23/053/2003/en;5 Aug 2003;
Burundi;-3.373056;29.91888599999993;Further information on Fear of ill-treatment and torture;Boniface Nduwayo, Pétronile Banyekazo, her son Niyokwizigira (who is aged 14 and not 15 as previously stated) and her two-year-old child, were released on 26 July ...;http://www.amnesty.org/en/library/info/AFR16/013/2003/en;3 Aug 2003;
Burundi;-3.373056;29.91888599999993;Fear of ill-treatment and torture;At least 18 people held in detention in Makamba gendarmerie, southern Burundi, are at risk of torture or ill-treatment. Their number includes a 15-year-old youth ...;http://www.amnesty.org/en/library/info/AFR16/012/2003/en;24 Jul 2003;
Colombia;4.570868;-74.29733299999998;Fear for safety;Amnesty International is seriously concerned for the safety of the afro-Colombian communities in the hamlets of the rivers Anchicayá, Raposo and Mallorquín, in ...;http://www.amnesty.org/en/library/info/AMR23/052/2003/en;24 Jul 2003;
Sudan;12.862807;30.21763599999997;Fear for safety/fear of torture or ill-treatment ...;El Fadil Adam Mohammed Ahmed Noorein is being held incommunicado and without charge at the headquarters of the security forces in the town of Nyala, South Darfur ...;http://www.amnesty.org/en/library/info/AFR54/059/2003/en;14 Jul 2003;
India;20.593684;78.96288000000004;Fear for safety;Amnesty International is concerned for the safety of witnesses including Zahira Sheikh and Sehruneesa Sheikh, who have provided testimony against individuals accused ...;http://www.amnesty.org/en/library/info/ASA20/017/2003/en;7 Jul 2003;
Colombia;4.570868;-74.29733299999998;Further Information on Fear for safety/possible ...;Amnesty International has just been informed of the killing of Carlos Salinas Becerra by army-backed paramilitaries operating in the Jiguamiandó River Basin area ...;http://www.amnesty.org/en/library/info/AMR23/048/2003/en;7 Jul 2003;
Sudan;12.862807;30.21763599999997;Fear for safety/ Fear of torture;On 18 June, Abkr Mohammed Abdo Shain was reportedly arrested by the Sudanese military intelligence in Sarf Ommra, a village situated about 100 km east of Geneina ...;http://www.amnesty.org/en/library/info/AFR54/048/2003/en;23 Jun 2003;
Sudan;12.862807;30.21763599999997;Further information on Fear of torture / incommunicado ...;Amnesty International has learned that Abdel Shafi Issa Mustapha was released during the third week of May. There is no further information as to where he was detained ...;http://www.amnesty.org/en/library/info/AFR54/049/2003/en;23 Jun 2003;
Russian Federation;61.52401;105.31875600000001;Possible disappearance/fear for safety/fear ...;Rizvan Yaragievich Appazov has not been seen since he was detained by Russian federal soldiers in the Vedeno region of Chechnya on 5 May. Amnesty International ...;http://www.amnesty.org/en/library/info/EUR46/049/2003/en;29 May 2003;
DRC;-4.038333;21.758663999999953;Extrajudicial executions / Torture and Ill-treatment;Dozens of detainees may be at imminent risk of extrajudicial execution or torture, following a failed attempt to overthrow the leadership of an armed political ...;http://www.amnesty.org/en/library/info/AFR62/019/2003/en;28 May 2003;
Sudan;12.862807;30.21763599999997;Further information on Fear of torture / incommunicado ...;Amnesty International has learned that Abdel Shafi Issa Mustapha was arrested on 25 April by security forces, reportedly in Nyala, Western Darfur. It is thought ...;http://www.amnesty.org/en/library/info/AFR54/031/2003/en;7 May 2003;
Mexico;23.634501;-102.55278399999997;Fear for safety;Amnesty International is concerned for the safety of Evangelina Arce, after she was reportedly intimidated and was assaulted in the street in Ciudad Juarez, Chihuahua ...;http://www.amnesty.org/en/library/info/AMR41/019/2003/en;5 May 2003;
Sudan;12.862807;30.21763599999997;Fear of torture / incommunicado detention / detention ...;Eight men, Abubaker Hamed Nur, Yusuf Mohammad Faleh, Mohammad Bashir Ahmed, Bashir Bushara, Hashem al-Tayeb, Abdel Rahman Ahmad, Mohammad Hashem Abdel Rahman and ...;http://www.amnesty.org/en/library/info/AFR54/025/2003/en;22 Apr 2003;
Iraq;33.223191;43.679291000000035;Further Information on Fear for safety - The people of Iraq ...;On 20 March, United States, United Kingdom and other allied forces launched military action against Iraq. Amnesty International fears that the war may result in ...;http://www.amnesty.org/en/library/info/MDE14/030/2003/en;20 Mar 2003;
Israel;31.046051;34.85161199999993;Medical concern / Detention without charge, Anan Nabih ...;Amnesty International is seriously concerned for the health of Anan Nabih Labadeh, who was arrested with his brother, Dr 'Abd al-Fatah Labadeh, by the Israeli army ...;http://www.amnesty.org/en/library/info/MDE15/030/2003/en;17 Mar 2003;
Ecuador;-1.831239;-78.18340599999999;Death threats/fear for safety/medical concern/torture and ...;Carlos Javier Paredes, an army conscript, was threatened with death by two army personnel while receiving treatment at the Military Hospital in the capital, Quito ...;http://www.amnesty.org/en/library/info/AMR28/006/2003/en;5 Mar 2003;
Colombia;4.570868;-74.29733299999998;Further Information on Fear for safety/possible ...;Concerns continue for the safety of the civilian inhabitants of Puerto Lleras, in the Jiguiamiandó River Basin, municipality of Carmen del Darién, Chocó Department ...;http://www.amnesty.org/en/library/info/AMR23/022/2003/en;28 Feb 2003;
Iraq;33.223191;43.679291000000035;Fear for safety - The people of Iraq and surrounding ...;The population of Iraq are in imminent danger of a human rights and humanitarian catastrophe. Military action could trigger a disaster for the people of Iraq and ...;http://www.amnesty.org/en/library/info/MDE14/006/2003/en;11 Feb 2003;
Nepal;28.394857;84.124008;Further Information on Fear for safety/ fear of torture ...;Bhogendra Yadav was transferred to Siraha district jail in the middle of December 2002 under a preventive detention order. He was reportedly subjected to torture ...;http://www.amnesty.org/en/library/info/ASA31/006/2003/en;22 Jan 2003;
Angola;-11.202692;17.873886999999968;Further Information on Arbitrary detention/Fear for safety ...;According to reports, Ivo Macaia was taken by military police to the village of Prata where he was held for five days in a hole. It was raining heavily and the ...;http://www.amnesty.org/en/library/info/AFR12/001/2003/en;14 Jan 2003;
Guatemala;15.783471;-90.23075899999998;Fear For Safety, Amílcar Méndez;Amnesty International is seriously concerned for the safety of human rights activist Amílcar Méndez and his family. He was fired upon and robbed by an unidentified ...;http://www.amnesty.org/en/library/info/AMR34/085/2002/en;16 Dec 2002;
Nepal;28.394857;84.124008;Fear for safety/ fear of torture/ fear of disappearance ...;Bhogendra Yadav, from Bhawanipur Village Development Committee, Ward 7, Siraha district, was arrested by army personnel at 5pm on 1 December. There are fears he ...;http://www.amnesty.org/en/library/info/ASA31/073/2002/en;10 Dec 2002;
Turkmenistan;38.969719;59.55627800000002;Fear for safety / Torture or ill-treatment;Three named people and many others, including men, women and children, were arrested following an attack on the Presidential motorcade on 25 November. The President ...;http://www.amnesty.org/en/library/info/EUR61/006/2002/en;6 Dec 2002;
Turkey;38.963745;35.243322000000035;Fear for safety/death threats/beatings;Gendarmerie and village guards in the province of Mardin, southeast Turkey have reportedly beaten and threatened those named above, who are supporters and members ...;http://www.amnesty.org/en/library/info/EUR44/054/2002/en;8 Nov 2002;
Colombia;4.570868;-74.29733299999998;Fear for Safety, Members of peasant communities in Cauca ...;Amnesty International is concerned for the safety of peasant farmer communities and social activists in the southwestern department of Cauca, where protesters have ...;http://www.amnesty.org/en/library/info/AMR23/107/2002/en;19 Sep 2002;
Guatemala;15.783471;-90.23075899999998;Possible Extrajudicial execution/fear for safety ...;Amnesty International is concerned for the safety of Isabela García and other members of the Guatemalan indigenous human rights organization, Coordinadora Nacional ...;http://www.amnesty.org/en/library/info/AMR34/057/2002/en;12 Sep 2002;
Israel/OT;31.133393;35.35547999999994;Unlawful forcible transfer/collective punishment;Amnesty International is concerned about the decision by the Israel Defence Forces (IDF) to unlawfully transfer from the West Bank to Gaza three relatives of Palestinians ...;http://www.amnesty.org/en/library/info/MDE15/130/2002/en;15 Aug 2002;
Guatemala;15.783471;-90.23075899999998;Further information on Possible extrajudicial execution ...;Amnesty International is deeply concerned for the safety of members of Comité de Unidad Campesina, Peasants' Unity Committee (CUC) and the Asociación de la comunidad ...;http://www.amnesty.org/en/library/info/AMR34/049/2002/en;14 Aug 2002;
Israel/OT;31.133393;35.35547999999994;Further information on Fear for Safety Palestinians in ...;Palestinians have been trapped in the basements of houses destroyed during the Israeli military operation in the Jenin refugee camp. They are calling for help, ...;http://www.amnesty.org/en/library/info/MDE15/068/2002/en;8 May 2002;
Israel/OT;31.133393;35.35547999999994;Further information on Fear for Safety Palestinians in ...;Palestinians have been trapped in the basements of houses destroyed during the Israeli military operation in the Jenin refugee camp. They are calling for help, ...;http://www.amnesty.org/en/library/info/MDE15/054/2002/en;16 Apr 2002;
Israel/OT;31.133393;35.35547999999994;Fear for Safety Palestinians in Jenin Refugee Camp;The Israeli armed forces have reportedly killed scores of Palestinian civilians, and injured hundreds more, in a sustained assault on the Palestinian refugee camp ...;http://www.amnesty.org/en/library/info/MDE15/038/2002/en;7 Apr 2002;
Sri Lanka;7.873053999999999;80.77179699999999;Further information on Fear for Safety/Child soldiers ...;At least another 18 children have reportedly been recruited as soldiers by the armed political group, the Liberation Tigers of Tamil Eelam (LTTE), in Vavuniya district ...;http://www.amnesty.org/en/library/info/ASA37/007/2002/en;11 Mar 2002;
Israel/OT;31.133393;35.35547999999994;Fear for Safety;The Israel Defence Forces (IDF) have been attacking Palestinian refugee camps in Nablus and Jenin on West Bank. Three Palestinians have reportedly been killed and ...;http://www.amnesty.org/en/library/info/MDE15/015/2002/en;28 Feb 2002;
Sri Lanka;7.873053999999999;80.77179699999999;Fear for Safety/Child soldiers;Amnesty International is concerned for the safety of the following children Duncy Mary (f), aged 15, Sudharshini Tharmalingam (f), aged 12, Gunasekaram Kananayagam ...;http://www.amnesty.org/en/library/info/ASA37/005/2002/en;14 Feb 2002;
Mexico;23.634501;-102.55278399999997;Fear for safety / paramilitary attacks, Ramón Pérez ...;Paramilitary gunmen reportedly set fire to the house of indigenous rights defender Ramón Pérez Peñate, in Chiapas state on 8 December. Although he escaped unhurt ...;http://www.amnesty.org/en/library/info/AMR41/056/2001/en;20 Dec 2001;
Afghanistan;33.93911;67.70995300000004;Risk of extrajudicial execution/ Risk of torture;Amnesty International is concerned for the safety of approximately 80 prisoners held by the Northern Alliance at Shibarghan, Northern Afghanistan, as they may be ...;http://www.amnesty.org/en/library/info/ASA11/041/2001/en;4 Dec 2001;
Colombia;4.570868;-74.29733299999998;Fear for Safety, Ana Rubiela Cárdenas de Díaz and her ...;Paramilitary gunmen have attacked Ana Rubiela Cárdenas and her family in Caldas Department, killing her husband and threatening to kill her and her children. Ana's ...;http://www.amnesty.org/en/library/info/AMR23/120/2001/en;30 Nov 2001;
Guatemala;15.783471;-90.23075899999998;Attack / Threats and intimidations, Gilberto Gómez ...;Prison inmate Gilberto Gómez Limón was a key witness for the prosecution of three high-ranking military officers, who were convicted of the 1998 murder of Bishop ...;http://www.amnesty.org/en/library/info/AMR34/044/2001/en;21 Nov 2001;
Turkey;38.963745;35.243322000000035;Further information on Fear for safety, Saban Dayanan;A gunman forced his way into the IHD's Istanbul office on 15 November, threatening to shoot the people working there. Saban Dayanan and three others managed to ...;http://www.amnesty.org/en/library/info/EUR44/083/2001/en;15 Nov 2001;
Turkey;38.963745;35.243322000000035;Fear of torture;More than 20 members of HADEP were arrested by police and gendarmes on 14 September. They are now held incommunicado at the Anti-Terror branch of Mu Police Headquarters ...;http://www.amnesty.org/en/library/info/EUR44/066/2001/en;16 Sep 2001;
Tunisia;33.886917;9.537499000000025;Further information on fear for safety/prisoner of ...;Prisoner of consciece Sihem Ben Sedrine was provisionally released on 11 August, after six weeks in prison.;http://www.amnesty.org/en/library/info/MDE30/023/2001/en;12 Aug 2001;
Guatemala;15.783471;-90.23075899999998;Fear for safety, Anselmo Roldán Aguilar;Amnesty International is deeply concerned for the safety of a human rights defender, his colleagues and family, following a recent knife attack. He has been released ...;http://www.amnesty.org/en/library/info/AMR34/027/2001/en;29 Jul 2001;
Tunisia;33.886917;9.537499000000025;Further information on human rights defender / fear for ...;Journalist Sihem Ben Sedrine was arrested on 26 June, when she returned from a two-week tour of Europe. In the past she has been beaten in police custody, and ...;http://www.amnesty.org/en/library/info/MDE30/017/2001/en;26 Jun 2001;
Burundi;-3.373056;29.91888599999993;Further information on Fear of torture / Incommunicado ...;A total of 54 people have been charged in connection with the attempted coup d'état and will be tried by a military court. No date has been set for the trial, but ...;http://www.amnesty.org/en/library/info/AFR16/033/2001/en;23 May 2001;
Qatar;25.354826;51.183884000000035;Fear of Imminent Execution - Shaikh Hamad bin Jassem bin ...;Nineteen people sentenced to life imprisonment for their part in a failed coup attempt are now facing imminent execution, after the appeal court increased their ...;http://www.amnesty.org/en/library/info/MDE22/001/2001/en;22 May 2001;
Colombia;4.570868;-74.29733299999998;Further information on Fear for Safety/Possible ' ...;Victoria Delgado was reportedly abducted by army-backed paramilitaries on 16 May, in Blívar department. Her whereabouts are not known, and Amnesty International ...;http://www.amnesty.org/en/library/info/AMR23/052/2001/en;22 May 2001;
Israel;31.046051;34.85161199999993;House Destruction - Palestinian civilians;In the past month Israel has intensified its policy of destroying Palestinian homes, apparently as a collective punishment for attacks on Israeli forces. Hundreds ...;http://www.amnesty.org/en/library/info/MDE15/034/2001/en;3 May 2001;
Burundi;-3.373056;29.91888599999993;Further information on Fear of torture / Incommunicado ...;Twenty-eight members of the opposition Parti pour le redressement national (PARENA), National Recovery Party have been unconditionally released. All others arrested ...;http://www.amnesty.org/en/library/info/AFR16/032/2001/en;30 Apr 2001;
Burundi;-3.373056;29.91888599999993;Further information on Fear of torture / Incommunicado ...;Over 130 soldiers are now reported to have been arrested following the coup attempt on 18 April 2001. Most of them are either elite paratroopers or come from the ...;http://www.amnesty.org/en/library/info/AFR16/031/2001/en;25 Apr 2001;
Burundi;-3.373056;29.91888599999993;Fear of torture / Incommunicado detention Lieutenant ...;Approximately 40 soldiers and two civilians have been arrested following an apparent coup attempt on 18 April 2001. They are currently being interrogated, and Amnesty ...;http://www.amnesty.org/en/library/info/AFR16/030/2001/en;23 Apr 2001;
Solomon Islands;-9.64571;160.15619400000003;Fear for safety for Eric Rove;Amnesty International is concerned for the safety of a pilot who has been kidnapped by an armed political group He was kidnapped by the Guadalcanal Revolutionary ...;http://www.amnesty.org/en/library/info/ASA43/006/2000/en;28 Sep 2000;
Guatemala;15.783471;-90.23075899999998;Fear for safety;Celso Balán, a Guatemalan human rights worker in San Martín Jilotepeque, Chimaltenango, was detained, beaten, robbed, drugged and left unconscious by two people ...;http://www.amnesty.org/en/library/info/AMR34/034/2000/en;24 Aug 2000;
Sri Lanka;7.873053999999999;80.77179699999999;Disappearance/ Fear for safety;Ariyathas Vijayakumar and Shanmugasundaram Suyanthan were arrested by members of the Sri Lanka army in separate incidents on 15 August in the Vavuniya area. Their ...;http://www.amnesty.org/en/library/info/ASA37/026/2000/en;20 Aug 2000;
USA;37.09024;-95.71289100000001;Further information on fear of indiscriminate mass killing ...;Despite claims that they are taking steps to minimise civilian casualties, US and UK aircraft are reported to have hit civilian targets during recent air strikes ...;http://www.amnesty.org/en/library/info/AMR51/130/2000/en;14 Aug 2000;
India;Fear for safety for the population of Jammu and Kashmir;Amnesty International is seriously concerned that there may be an escalation of violence in the north Indian state of Jammu and Kashmir. At least 100 civilians ...;http://www.amnesty.org/en/library/info/ASA20/038/2000/en;1 Aug 2000;;;
Tunisia;33.886917;9.537499000000025;Further information on human rights defender / fear for ...;On 2 February, Sihem Ben Sedrine was threatened with a razor by a man. When her husband and a friend apprehended the man they were surrounded by members of the ...;http://www.amnesty.org/en/library/info/MDE30/003/2000/en;10 Feb 2000;
Tunisia;33.886917;9.537499000000025;Fear for safety - Salah Hamzaoui;Salah Hamzaoui, president of the Committee to Support Hamma Hammami, was attacked on 9 February, by a man who ran off with files containing the details of some ...;http://www.amnesty.org/en/library/info/MDE30/002/2000/en;10 Feb 2000;
Ecuador;-1.831239;-78.18340599999999;Further information on fear for safety/possible prisoners ...;Although the state of emergency that came into effect on 5 January 2000 is still in effect, mass detentions have stopped. The country is no longer in the situation ...;http://www.amnesty.org/en/library/info/AMR28/004/2000/en;28 Jan 2000;
East Timor;-8.874217;125.72753899999998;Fear for safety / possible disappearance;Amnesty International has grave fears for the safety of Geraldo Moises who was abducted by armed militias in Atambua, West Timor, on 9 September 1999.;http://www.amnesty.org/en/library/info/ASA21/145/1999/en;8 Nov 1999;
Indonesia (East Timor);Further information on fear for safety ...;Since the launch of this action, the security situation in East Timor has improved, notably since the arrival of the multinational force (INTERFET) and the withdrawal ...;http://www.amnesty.org/en/library/info/ASA21/203/1999/en;27 Oct 1999;;;
Indonesia (East Timor);-9.862794599999999;124.33103640000002;Fear for safety;Amnesty International has grave fears for the safety of refugees Antonio and Francisco, who were detained by members of a militia group on 21 October 1999 near ...;http://www.amnesty.org/en/library/info/ASA21/200/1999/en;21 Oct 1999;
Indonesia (East Timor);-9.862794599999999;124.33103640000002;Further information on fear for safety ...;The condition of some 200000 refugees in West Timor is deterioratingas pro-integration militia groups continue to prevent access to humanitarian aid.Reports of ...;http://www.amnesty.org/en/library/info/ASA21/182/1999/en;5 Oct 1999;
Indonesia (East Timor);-9.862794599999999;124.33103640000002;Fear for safety;Amnesty International is concerned for the safety of Joao Quintas, Dioniso de Jesus and Leonio Guterres whose whereabouts are unknown. Joao Quintas and Dioniso ...;http://www.amnesty.org/en/library/info/ASA21/165/1999/en;22 Sep 1999;
Indonesia (East Timor);-9.862794599999999;124.33103640000002;Further information on fear for safety ...;Amnesty International remains concerned for the security of the entire population of East Timor, and has particular fears for up to 200000 East Timorese currently ...;http://www.amnesty.org/en/library/info/ASA21/164/1999/en;22 Sep 1999;
Indonesia (East Timor);-9.862794599999999;124.33103640000002;Fear for safety;Amnesty International fears for the safety of the entire population of East Timor. Armed pro-Indonesian militias and Indonesian troops have complete control of ...;http://www.amnesty.org/en/library/info/ASA21/140/1999/en;8 Sep 1999;
Indonesia (East Timor);-9.862794599999999;124.33103640000002;Fear for safety;Amnesty International is very concerned for the safety of student leader, Cesar Dos Santos Martins who has gone into hiding after hearing that pro-integration militias ...;http://www.amnesty.org/en/library/info/ASA21/128/1999/en;2 Sep 1999;
Indonesia;-0.789275;113.92132700000002;Further information on possible disappearance;Amnesty International has learnt that Eurico Pereira, Zelia Fernandes and Rogerio Soares are safe. They were reported missing on 11 August 1999 after a pro-Indonesian ...;http://www.amnesty.org/en/library/info/ASA21/125/1999/en;1 Sep 1999;
Indonesia (East Timor);-9.862794599999999;124.33103640000002;Arbitrary detention / fear for safety ...;A father and his child are reported to have been abducted on 31 August 1999 by members of a militia group, Aitarak. Andrade, reportedly a captain in the Indonesian ...;http://www.amnesty.org/en/library/info/ASA21/111/1999/en;30 Aug 1999;
Indonesia;-0.789275;113.92132700000002;Possible disappearance / fear for safety;Amnesty International is gravely concerned for the safety of seven people who have not been seen since 18 August 1999 when they were arrested by members of a militia ...;http://www.amnesty.org/en/library/info/ASA21/107/1999/en;25 Aug 1999;
Indonesia (East Timor);-9.862794599999999;124.33103640000002;Disappearance / fear for safety;Amnesty International is gravely concerned for the safety of Antonio Amaral, who was detained by members of the pro-integration militia group Aitarak (Thorn), on ...;http://www.amnesty.org/en/library/info/ASA21/103/1999/en;22 Aug 1999;
Indonesia;-0.789275;113.92132700000002;Possible disappearance;Amnesty International is concerned for the safety of Eurico Pereira, Zelia Fernandes and Rogerio Soares. They have been missing since 11 August 1999 when a local ...;http://www.amnesty.org/en/library/info/ASA21/102/1999/en;19 Aug 1999;
USA;37.09024;-95.71289100000001;Further information on fear of indiscriminate mass killing ...;Air strikes by US and UK forces against Iraqi targets inside the southern and northern air exclusion zones have continued and reportedly resulted in the deaths ...;http://www.amnesty.org/en/library/info/AMR51/133/1999/en;17 Aug 1999;
Indonesia (East Timor);Further information on fear for safety ...;Amnesty International has learned that Januario da Silva Belo, coordinator of the Student Solidarity Council of East Timor (DSMTT) has been arrested. Two other ...;http://www.amnesty.org/en/library/info/ASA21/093/1999/en;11 Aug 1999;;;
Indonesia;-0.789275;113.92132700000002;Further information on fear for safety;Adilence Burdam, (f), Alberth Nyasbier, Apolos Faith, Costan Anjelo, Frans Isir, Indisiarus Iway, Karel Rumbewas, Martinus Homer, Melkianus Waa, Mobe Awom, Musak ...;http://www.amnesty.org/en/library/info/ASA21/078/1999/en;29 Jul 1999;
Cambodia;12.565679;104.99096299999997;Further information on prisoners of conscience;The trial of Kim Sen (Kim San) and Meas Minear, human rights workers, began on 8 July 1999, both charged with inciting demonstrators to use violence. All defence ...;http://www.amnesty.org/en/library/info/ASA23/012/1999/en;11 Jul 1999;
Congo;-0.228021;15.82765900000004;Disappearance / fear of extrajudicial execution;Ley Pemba, student; David Dako Ketomono, unemployed, aged 30; Joseph Ebali, soldier: The three men named above were arrested by Congolese security forces in Brazzaville ...;http://www.amnesty.org/en/library/info/AFR22/008/1999/en;7 Jul 1999;
Indonesia;-0.789275;113.92132700000002;Fear for safety;There is concern for the safety of at least 17 people, including Yacomina Isir (f), and possibly as many as 44 people, who were arrested by police in Sorong, Irian ...;http://www.amnesty.org/en/library/info/ASA21/058/1999/en;6 Jul 1999;
Indonesia/East Timor;-9.862794599999999;124.33103640000002;Fear for safety;Marta Fatima (f), Ivao Ribeiro (f), Jorgina Sarmento (f), Remija da Concicao (f), Noveva (f), Agusta (f), Justina Santa (f), Gracilda Varela (f), Anita Lemos (f ...;http://www.amnesty.org/en/library/info/ASA21/048/1999/en;2 Jun 1999;
USA;37.09024;-95.71289100000001;Further information on fear of indiscriminate mass killing ...;At least 39 civilians, including women and children, have reportedly been killed as a result of US and UK air strikes since the beginning of April 1999, mostly ...;http://www.amnesty.org/en/library/info/AMR51/081/1999/en;18 May 1999;
Guatemala;15.783471;-90.23075899999998;Fear for Safety;Twelve former members of a civil defence patrol imprisoned for the 1993 extrajudicial execution of villager Juan Chanay Pablo were freed from jail after the jail ...;http://www.amnesty.org/en/library/info/AMR34/016/1999/en;9 May 1999;
Kenya;-0.023559;37.90619300000003;Further information on Fear for safety/Excessive use of ...;Amnesty International has learned that political rallies on 24 April 1999 were disrupted by violence by police and others.;http://www.amnesty.org/en/library/info/AFR32/010/1999/en;29 Apr 1999;
Democratic Republic of Congo;-4.3103947;15.371668399999976;POC/legal concern/risk or ill ...;Badouin Hamuli Kaobarhuza was arrested in the capital, Kinshasa, on 6 April 1999. Amnesty International is concerned taht he is at risk of torture. He is the president ...;http://www.amnesty.org/en/library/info/AFR62/013/1999/en;12 Apr 1999;
USA;37.09024;-95.71289100000001;Further information on fear of indiscriminate mass killing ...;Three civilians were killed in an air raid near the city of Mosul on 28 February 1999 according to Iraqi government sources. Another person was reportedly killed ...;http://www.amnesty.org/en/library/info/AMR51/040/1999/en;3 Mar 1999;
USA;37.09024;-95.71289100000001;Further information on fear of indiscriminate mass killing ...;Amnesty International continues to be concerned for the safety of civilians as UK and US forces continue to engage in conflict in the air exclusion zones in northern ...;http://www.amnesty.org/en/library/info/AMR51/031/1999/en;18 Feb 1999;
Indonesia (East Timor);-9.862794599999999;124.33103640000002;Further information on extrajudicial ...;Olandino Pereira, Angelina (possibly Angelica) de Jesus, (f) and Luis Pereira were killied by members of the civilian militia and the military on 25 January 1999 ...;http://www.amnesty.org/en/library/info/ASA21/004/1999/en;2 Feb 1999;
USA;37.09024;-95.71289100000001;Further information on fear of indiscriminate mass killing ...;Air strikes against Iraq by UK and US forces were halted on 19 December 1998. Reports vary as to the number of civilian casualties . Houses, hospitals and schools ...;http://www.amnesty.org/en/library/info/AMR51/117/1998/en;23 Dec 1998;
USA;37.09024;-95.71289100000001;Further information on fear of indiscriminate mass killing ...;At least two hospitals and a rice storage house are reported to have been hit as a result of US and UK air strikes in Baghdad. International Humanitarian Law prohibits ...;http://www.amnesty.org/en/library/info/AMR51/114/1998/en;18 Dec 1998;
USA;37.09024;-95.71289100000001;Further information on indiscriminate killing of civilians ...;In Baghdad 30 people were reportedly killed and at least 100 injured by the air strike carried out by US and UK forces on the 16 December 1998. US officials say ...;http://www.amnesty.org/en/library/info/AMR51/112/1998/en;17 Dec 1998;

